[
  {
    "name": "Joel",
    "cert": "Paramedic"
  },
  {
    "name": "Alex",
    "cert": "EMT"
  },
  {
    "name": "Sam",
    "cert": "AEMT"
  },
  {
    "name": "Taylor",
    "cert": "EMT"
  },
  {
    "name": "Morgan",
    "cert": "EMR"
  },
  {
    "name": "Jordan",
    "cert": "Paramedic"
  },
  {
    "name": "Casey",
    "cert": "EMT"
  },
  {
    "name": "Chris",
    "cert": "AEMT"
  },
  {
    "name": "Jamie",
    "cert": "EMT"
  },
  {
    "name": "Riley",
    "cert": "CCP"
  },
  {
    "name": "Cameron",
    "cert": "EMT"
  },
  {
    "name": "Dana",
    "cert": "EMR"
  },
  {
    "name": "Avery",
    "cert": "AEMT"
  },
  {
    "name": "Quinn",
    "cert": "Paramedic"
  },
  {
    "name": "Lee",
    "cert": "EMR"
  },
  {
    "name": "Robin",
    "cert": "EMT"
  },
  {
    "name": "Skyler",
    "cert": "AEMT"
  },
  {
    "name": "Reese",
    "cert": "Paramedic"
  },
  {
    "name": "Peyton",
    "cert": "EMT"
  },
  {
    "name": "Blake",
    "cert": "CCP"
  },
  {
    "name": "Kendall",
    "cert": "EMT"
  },
  {
    "name": "Devon",
    "cert": "EMR"
  },
  {
    "name": "Drew",
    "cert": "AEMT"
  },
  {
    "name": "Rowan",
    "cert": "Paramedic"
  },
  {
    "name": "Hayden",
    "cert": "CCP"
  }
]